어종,산지,규격,포장,수량,중량,낙찰고가,낙찰저가,평균가
(활)감숭어,완도,4미,kg,6.9,1,8000,8000,8000
(활)감숭어,완도,5미,kg,9.0,1,8000,8000,8000
(활)감숭어,완도,7미,kg,17.7,1,8000,8000,8000
(활)감숭어,완도,8미,kg,7.9,1,5000,5000,5000
(활)감숭어,진도,10/20미,kg,88.2,1,10000,8500,9600
(활)감숭어,진도,1미,kg,5.3,1,9500,1000,7100
(활)감숭어,진도,8미,kg,219.0,1,10000,6500,7500
(활)참숭어,진도,10/20미,kg,428.2,1,9000,7000,7900
(활)참숭어,인천,5미,kg,408.6,1,10000,3000,7100
(활)참숭어,인천,5/10미,kg,220.7,1,9000,2000,6700
(활)참숭어,인천,2미,kg,3.0,1,13000,13000,13000
(활)참숭어,인천,10/20미,kg,199.9,1,7500,6000,6700
(활)참숭어,인천,10/15미,kg,48.6,1,9000,9000,9000
(활)참숭어,인천,10/11미,kg,27.6,1,8000,8000,8000
(활)참숭어,서천,8미,kg,12.1,1,3000,3000,3000
(활)참숭어,진도,5/10미,kg,19.3,1,10000,8000,9200
