Date,Item,High_Price,Source
2026-08-31,소방어(이백이),20100,sample
2026-09-01,소방어(이백이),19900,sample
2026-09-02,소방어(이백이),19700,sample
2026-09-03,소방어(이백이),19100,sample
2026-09-04,소방어(이백이),19500,sample
2026-09-05,소방어(이백이),16900,sample
2026-09-06,소방어(이백이),17400,sample
2026-09-07,소방어(이백이),18900,sample
2026-09-08,소방어(이백이),15400,sample
2026-09-09,소방어(이백이),20200,sample
2026-09-10,소방어(이백이),16100,sample
2026-09-11,소방어(이백이),19700,sample
2026-09-12,소방어(이백이),17700,sample
2026-09-13,소방어(이백이),16500,sample
2026-09-14,소방어(이백이),16300,sample
2026-09-15,소방어(이백이),18900,sample
2026-09-16,소방어(이백이),20600,sample
2026-09-17,소방어(이백이),19700,sample
2026-09-18,소방어(이백이),18900,sample
2026-09-19,소방어(이백이),20100,sample
2026-09-20,소방어(이백이),18800,sample
2026-09-21,소방어(이백이),18600,sample
2026-09-22,소방어(이백이),19200,sample
2026-09-23,소방어(이백이),16100,sample
2026-09-24,소방어(이백이),20400,sample
2026-09-25,소방어(이백이),17100,sample
2026-09-26,소방어(이백이),17400,sample
2026-09-27,소방어(이백이),17600,sample
2026-09-28,소방어(이백이),19800,sample
2026-09-29,소방어(이백이),16200,sample
